Data Object,Time (μs),Normalized Score,Normalized Against Mutable List
List (Mutable) 1000,85.9330153819713,0.0,1.0
IList 1000,21.849348890054188,0.0,0.25
KtList 1000,11507.528735632184,0.24,133.91
BuiltList1 1000,48090.40476190476,1.0,559.63
BuiltList2 1000,668.458737053124,0.01,7.78
