Test,Time (μs)
IList Add,263.7816167743637
List Add,142.74407650585212
KtList Add,226.1214245336348
BuiltList Add,3832.6347992351816
