Data Object,Time (μs),Normalized Score,Normalized Against Mutable List
List (Mutable),45.01742144593499,0.84,1.0
IList,53.45177325814469,1.0,1.19
KtList,49.154194008208606,0.92,1.09
BuiltList,49.16674861104283,0.92,1.09
