Data Object,Time (μs),Normalized Score
List (Mutable),218.25076589703355,0.0
IList,264.78713264495633,0.0
KtList,2165931.0,1.0
BuiltList,3389.304568527919,0.0
