Data Object,Time (μs),Normalized Score
List (mutable),48.15421100784899,0.0
IList,196.56570024570024,0.0
KtList,4305.662365591398,0.01
BuiltList,799423.6666666666,1.0
