Data Object,Time (μs)
IList,258.794669426834
List,138.85365176339906
KtList,224.5027500280615
BuiltList,3641.0563636363636
