Data Object,Time (μs)
IList,126.89252632914605
List (Mutable),55.88407052446282
KtList,11.8399419843713
BuiltList,3143.50863422292
