Data Object,Time (μs),Normalized Score
IList,258.9353961677887,0.06
List (Mutable),137.2627822386933,0.03
KtList,258.3149941882991,0.06
BuiltList,3984.438247011952,1.0
