Data Object,Time (μs),Normalized Score,Normalized Against Mutable List
List (Mutable),53.07053017035504,0.0,1.0
IList,194.38672368548936,0.0,3.66
KtList,4341.741865509762,0.01,81.81
BuiltList,802636.6666666666,1.0,15123.96
