Data Object,Time (μs)
IList,133.1715826619615
List (Mutable),40.995654491042515
KtList,10.00523772361628
BuiltList,3115.728971962617
