Data Object,Time (μs),Normalized Score
IList,124.85510955740058,0.04
List (Mutable),39.682526140354355,0.01
KtList,9.964283045282661,0.0
BuiltList,3039.886018237082,1.0
