Data Object,Time (μs)
IList,130.3899863094074
List (Mutable),39.58327230985414
KtList,9.80992858404128
BuiltList,3104.6372093023256
