Data Object,Time (μs)
IList,259.3589211618257
List,139.52909167015488
KtList,225.3085501858736
BuiltList,3875.678916827853
