Data Object,Time (μs),Normalized Score
IList,258.50103385887826,0.0
List (Mutable),217.53549544163803,0.0
KtList,1367965.0,1.0
BuiltList,3469.8856152513,0.0
