Data Object,Time (μs),Normalized Score,Normalized Against Mutable List
List (Mutable),32.216394710136754,0.01,1.0
IList,118.89822851028416,0.04,3.69
KtList,8.836906382001025,0.0,0.27
BuiltList,3013.8539156626507,1.0,93.55
