Data Object,Time (μs),Normalized Score,Normalized Against Mutable List
List (Mutable),38.27872303776149,0.01,1.0
IList,131.3808710503843,0.04,3.43
KtList,9.848393974758592,0.0,0.26
BuiltList,3213.489566613162,1.0,83.95
