Data Object,Time (μs),Normalized Score
IList,132.30641000198452,0.04
List (Mutable),37.88398083079196,0.01
KtList,9.884211462714301,0.0
BuiltList,3085.59938366718,1.0
