Data Object,Time (μs),Normalized Score,Normalized Against Mutable List
List (Mutable),40.695960931936106,0.41,1.0
IList,48.12034742439189,0.48,1.18
KtList,99.34237321809964,1.0,2.44
BuiltList,44.16112080196074,0.44,1.09
