Data Object,Time (μs),Normalized Score,Normalized Against Mutable List
List (Mutable),216.21552368145825,0.0,1.0
IList,1006.2537735849056,0.0,4.65
KtList,2172496.0,1.0,10047.83
BuiltList,3491.890052356021,0.0,16.15
