Data Object,Time (μs),Normalized Score,Normalized Against Mutable List
List (Mutable),49.83641483105751,0.0,1.0
IList,199.8047952047952,0.0,4.01
KtList,4398.479120879121,0.01,88.26
BuiltList,865644.3333333334,1.0,17369.72
