Data Object,Time (μs),Normalized Score,Normalized Against Mutable List
List (Mutable),45.57512988788625,0.86,1.0
IList,52.79673723668233,1.0,1.16
KtList,52.79599809936117,1.0,1.16
BuiltList,48.9919165196943,0.93,1.07
