Data Object,Time (μs),Normalized Score
List (Mutable),36.30589239035724,0.01
IList,129.84185925733576,0.04
KtList,9.992545590806895,0.0
BuiltList,3061.97247706422,1.0
