Data Object,Time (μs),Normalized Score,Normalized Against Mutable List
List (Mutable),37.03095780332907,0.01,1.0
IList,132.62758620689655,0.04,3.58
KtList,10.137612400271687,0.0,0.27
BuiltList,3117.9922118380064,1.0,84.2
