Data Object,Time (μs),Normalized Score
List (Mutable),36.3986496323797,0.01
IList,143.77650779958307,0.05
KtList,9.82775446424184,0.0
BuiltList,3047.8934550989347,1.0
