Data Object,Time (μs),Normalized Score
List (Mutable),215.3303197848177,0.0
IList,1002.9603174603175,0.0
KtList,2084568.0,1.0
BuiltList,3392.757627118644,0.0
