Data Object,Time (μs),Normalized Score,Normalized Against Mutable List
List (Mutable),54.994583150021995,0.0,1.0
IList,200.10735367683841,0.0,3.64
KtList,4107.363449691992,0.01,74.69
BuiltList,804898.6666666666,1.0,14635.96
