Data Object,Time (μs),Normalized Score
List (mutable),48.32483630125402,0.0
IList,196.9129664270946,0.0
KtList,4417.754966887417,0.01
BuiltList,795115.0,1.0
