Data Object,Time (μs),Normalized Score,Normalized Against Mutable List
List (Mutable) 1000,95.47973456819592,0.0,1.0
IList 1000,21.548473290667356,0.0,0.23
KtList 1000,2389105.3333333335,1.0,25022.12
BuiltList1 1000,47524.32558139535,0.02,497.74
BuiltList2 1000,94.5391378332388,0.0,0.99
