Data Object,Time (μs),Normalized Score,Normalized Against Mutable List
List (Mutable),39.098465448147785,0.01,1.0
IList,129.56403446265466,0.04,3.31
KtList,9.943446787777546,0.0,0.25
BuiltList,3056.896183206107,1.0,78.18
