Data Object,Time (μs),Normalized Score,Normalized Against Mutable List
List (Mutable),153.12318732246973,0.0,1.0
IList,637.3497170092344,0.0,4.16
KtList,1598210.5,1.0,10437.42
BuiltList,3196.4217252396165,0.0,20.87
